{"cameraMode":{"drawMode":0,"name":"Shaded","section":"Shading Mode"},"sceneLighting":false,"audioPlay":false,"sceneViewState":{"showFog":true,"showMaterialUpdate":false,"showSkybox":true,"showFlares":true,"showImageEffects":true,"showParticleSystems":true},"in2DMode":false,"pivot":{"x":-36.256961822509769,"y":-10.270532608032227,"z":6.868012428283691},"rotation":{"x":-0.005644695833325386,"y":0.9869869351387024,"z":-0.1567489504814148,"w":-0.0355474092066288},"size":379.4731140136719,"orthographic":false}